1.1 - bicycle manufacturing	12
1.3 - Hotel Service	11
1.4 - Underwriters	11
10.1 - FNA - B2	3
10.10 - FNA - C2	8
10.11 - FNA - C3	7
10.12 - FNA - D1	4
10.13 - FNA - D2	3
10.14 - FNA - D3	5
10.2 - FNA - B3	14
10.3 - FNA - B4	11
10.4 - FNA - B5.1	10
10.5 - FNA - B5.2	4
10.6 - FNA - B6	3
10.7 - FNA - B7	7
10.8 - FNA - B8	7
10.9 - FNA - C1	5
3.1 - QUT_2009-1 MC Finalise SCT Warrant Possession	7
3.3 - QUT_2009-3 repetition-cycles	5
3.6 - QUT_2010-1 Claims Notification	8
3.8 - QUT_2010-3 Claims handling process	7
5.1 - TE Eindhoven - Active VOS	6
5.2 - BizAgi - tutorial1	5
5.3 - BizAgi - tutorial2	10
6.2 - Tutorial	5
6.3 - Powerlicht	9
6.4 - Turbopixel	14
7.1 - Frank Puhlmann - Calling Leads	7
8.1 - BPMN Practical Handbook HR-Process Simple	3
8.2 - BPMN Practical Handbook HR-Process hr	7
9.1 - BPMN Modeling and reference guideEx1	8
9.2 - BPMN Modeling and reference guideEx2	5
9.3 - BPMN Modeling and reference guideEx3a	4
9.4 -BPMN Modeling and reference guideEx3b	5
